{
    "arg-aut": {
        "home": 0.7007005257022263,
        "draw": 0.2076842641757854,
        "away": 0.09161521012198835
    },
    "fra-irq": {
        "home": 0.6888123799543394,
        "draw": 0.1982471813519338,
        "away": 0.11294043869372668
    },
    "nor-sen": {
        "home": 0.4103308646097585,
        "draw": 0.2755080972408651,
        "away": 0.31416103814937646
    },
    "jor-alg": {
        "home": 0.2726263328873002,
        "draw": 0.21745312889236892,
        "away": 0.5099205382203309
    },
    "por-uzb": {
        "home": 0.6091765845723374,
        "draw": 0.22713925309644628,
        "away": 0.16368416233121633
    },
    "eng-gha": {
        "home": 0.7613147157738097,
        "draw": 0.1664541978301648,
        "away": 0.07223108639602532
    },
    "pan-cro": {
        "home": 0.19582646278401752,
        "draw": 0.22571956425724862,
        "away": 0.5784539729587338
    },
    "col-cod": {
        "home": 0.5661859259435587,
        "draw": 0.25458201963608945,
        "away": 0.17923205442035198
    },
    "sui-can": {
        "home": 0.4218013865063452,
        "draw": 0.2758561088367002,
        "away": 0.3023425046569545
    },
    "bih-qat": {
        "home": 0.44927161159140105,
        "draw": 0.25887831274994033,
        "away": 0.29185007565865867
    },
    "sco-bra": {
        "home": 0.24331270061841728,
        "draw": 0.21362272530371265,
        "away": 0.54306457407787
    },
    "mar-hai": {
        "home": 0.5843920279196995,
        "draw": 0.27001949535993636,
        "away": 0.14558847672036412
    },
    "cze-mex": {
        "home": 0.15259086819216855,
        "draw": 0.21629900708781963,
        "away": 0.6311101247200117
    },
    "rsa-kor": {
        "home": 0.1987191778855622,
        "draw": 0.27753700273442644,
        "away": 0.5237438193800116
    },
    "ecu-ger": {
        "home": 0.35704624062933527,
        "draw": 0.321559874369057,
        "away": 0.3213938850016078
    },
    "cur-civ": {
        "home": 0.16003219463616689,
        "draw": 0.3347682478591957,
        "away": 0.5051995575046374
    },
    "jpn-swe": {
        "home": 0.6654804903929596,
        "draw": 0.17638899370393646,
        "away": 0.15813051590310392
    },
    "tun-ned": {
        "home": 0.1051804822273448,
        "draw": 0.20266166228229776,
        "away": 0.6921578554903574
    },
    "tur-usa": {
        "home": 0.39516527661595213,
        "draw": 0.25076600261933624,
        "away": 0.35406872076471163
    },
    "par-aus": {
        "home": 0.3998170133406667,
        "draw": 0.306419292773275,
        "away": 0.29376369388605816
    },
    "nor-fra": {
        "home": 0.28664153343063004,
        "draw": 0.27374559930858855,
        "away": 0.4396128672607815
    },
    "sen-irq": {
        "home": 0.5227562967770873,
        "draw": 0.26656935294856887,
        "away": 0.21067435027434397
    },
    "cpv-sau": {
        "home": 0.4106972152443297,
        "draw": 0.28975889130780585,
        "away": 0.2995438934478645
    },
    "uru-esp": {
        "home": 0.19647673636769303,
        "draw": 0.25011466541772726,
        "away": 0.5534085982145797
    },
    "egy-irn": {
        "home": 0.3266341665418952,
        "draw": 0.322895454475079,
        "away": 0.35047037898302574
    },
    "nzl-bel": {
        "home": 0.16443139862167114,
        "draw": 0.21762782669128342,
        "away": 0.6179407746870456
    },
    "pan-eng": {
        "home": 0.1234222136634524,
        "draw": 0.16244126223816674,
        "away": 0.7141365240983809
    },
    "cro-gha": {
        "home": 0.5716258914909548,
        "draw": 0.23553782179620028,
        "away": 0.19283628671284492
    },
    "col-por": {
        "home": 0.4310775032515033,
        "draw": 0.2592762443228784,
        "away": 0.30964625242561844
    },
    "cod-uzb": {
        "home": 0.2951314932896641,
        "draw": 0.3231796754197351,
        "away": 0.3816888312906008
    },
    "alg-aut": {
        "home": 0.32047488338068014,
        "draw": 0.4090317580831311,
        "away": 0.2704933585361888
    },
    "jor-arg": {
        "home": 0.02613925822339388,
        "draw": 0.09417232244898291,
        "away": 0.8796884193276233
    }
}